{"stats":{"minecraft:picked_up":{"minecraft:sand":2,"minecraft:oak_log":1472},"minecraft:used":{"minecraft:sand":2},"minecraft:dropped":{"minecraft:oak_log":1472},"minecraft:mined":{"minecraft:sand":2},"minecraft:custom":{"minecraft:jump":17,"minecraft:time_since_rest":6105,"minecraft:leave_game":1,"minecraft:crouch_one_cm":17,"minecraft:sprint_one_cm":3945,"minecraft:play_time":6105,"minecraft:damage_taken":10,"minecraft:time_since_death":6105,"minecraft:walk_one_cm":2737,"minecraft:sneak_time":19,"minecraft:total_world_time":6105,"minecraft:drop":23,"minecraft:fall_one_cm":753,"minecraft:fly_one_cm":4315}},"DataVersion":3465}